Entity,other_name,records_lost,year,industry,breach_method,source name,1st source link,2nd source link,,,,,,,,,,,,,,
Dutch Government,NA,"6,900,000",2020,government,lost device,ZDNet,https://www.zdnet.com/article/dutch-government-loses-hard-drives-with-data-of-6-9-million-registered-donors/,,,,,,,,,,,,,,,
Virgin Media,NA,"900,000",2020,retail,poor security,BBC,https://www.bbc.co.uk/news/business-51760510,,,,,,,,,,,,,,,
Boots Advantage Card,NA,"150,000",2020,retail,hacked,Which,https://www.which.co.uk/news/2020/03/boots-advantage-card-tesco-clubcard-both-suffer-data-breaches-in-same-week/,,,,,,,,,,,,,,,
Tesco Clubcard,NA,"600,000",2020,retail,hacked,Tech Radar,https://www.techradar.com/uk/news/tesco-clubcard-holders-warned-of-major-security-issue,,,,,,,,,,,,,,,
Marriott Hotels,NA,"5,200,000",2020,retail,internal,Marriott,https://news.marriott.com/news/2020/03/31/marriott-international-notifies-guests-of-property-system-incident,,,,,,,,,,,,,,,
Zoom,NA,"500,000",2020,app,hacked,We Live Security,https://www.welivesecurity.com/2020/04/16/half-million-zoom-accounts-sale-dark-web/,,,,,,,,,,,,,,,
Israeli government,NA,"6,500,000",2020,government,poor security,NYTimes,https://www.nytimes.com/2020/02/10/world/middleeast/israeli-voters-leak.html?action=click&module=News&pgtype=Homepage,,,,,,,,,,,,,,,
MGM Hotels,NA,"10,600,000",2020,retail,hacked,ZDNet,https://www.zdnet.com/article/exclusive-details-of-10-6-million-of-mgm-hotel-guests-posted-on-a-hacking-forum/,,,,,,,,,,,,,,,
Buchbinder Car Rentals,NA,"5,000,000",2020,transport,poor security,Teller Report,https://www.tellerreport.com/news/2020-01-22---big-data-leak--media--at-buchbinder-car-rental-company--customer-data-was-open-.BJ-S5Jk8Z8.html,,,,,,,,,,,,,,,
Wawa,fuel & convenience store chain,"30,000,000",2019,retail,hacked,Krebs on Security,https://krebsonsecurity.com/2020/01/wawa-breach-may-have-compromised-more-than-30-million-payment-cards/,,,,,,,,,,,,,,,
Desjardins Group,NA,"4,200,000",2019,financial,internal,CBC,https://www.cbc.ca/news/canada/montreal/desjardins-data-breach-1.5344216,,,,,,,,,,,,,,,
US Customs and Border Protection,NA,"100,000",2019,government,hacked,Washington Post,https://www.washingtonpost.com/technology/2019/06/10/us-customs-border-protection-says-photos-travelers-into-out-country-were-recently-taken-data-breach/?utm_term=.69c66aaf152f,,,,,,,,,,,,,,,
Quest Diagnostics,NA,"20,000,000",2019,healthcare,poor security,ZDNet,https://www.zdnet.com/article/amca-data-breach-has-now-gone-over-the-20-million-mark/,,,,,,,,,,,,,,,
Australian National University,NA,"200,000",2019,academic,hacked,Guardian,https://www.theguardian.com/australia-news/2019/jun/04/australian-national-university-hit-by-huge-data-breach,,,,,,,,,,,,,,,
Canva,NA,"139,000,000",2019,web,hacked,ZDNet,https://www.zdnet.com/article/australian-tech-unicorn-canva-suffers-security-breach/,,,,,,,,,,,,,,,
First American Financial Corporation,NA,"885,000,000",2019,financial,poor security,Krebs on Security,https://krebsonsecurity.com/2019/05/first-american-financial-corp-leaked-hundreds-of-millions-of-title-insurance-records/,,,,,,,,,,,,,,,
Chtrbox,Instagram Influencers,"49,000,000",2019,media,poor security,Techcrunch,https://techcrunch.com/2019/05/20/instagram-influencer-celebrity-accounts-scraped/,,,,,,,,,,,,,,,
WiFi Finder,A hotspot finder app,"2,000,000",2019,app,poor security,Techcrunch,https://techcrunch.com/2019/04/22/hotspot-password-leak/,,,,,,,,,,,,,,,
Toyota,NA,"3,100,000",2019,transport,hacked,Bleeping Computer,https://www.bleepingcomputer.com/news/security/toyota-security-breach-exposes-personal-info-of-31-million-clients/,https://global.toyota/jp/newsroom/corporate/27465617.html,,,,,,,,,,,,,,
BreedReady,Open database in China,"1,800,000",2019,web,poor security,The Guardian,https://www.theguardian.com/world/2019/mar/11/china-database-lists-breedready-status-of-18-million-women,,,,,,,,,,,,,,,
Vårdguiden,Sweden's healthcare hotline,"2,700,000",2019,healthcare,poor security,ComputerSweden,https://computersweden.idg.se/2.2683/1.714787/inspelade-samtal-1177-vardguiden-oskyddade-internet,https://thenextweb.com/eu/2019/02/18/2-7-million-patient-calls-to-swedish-healthcare-hotline-left-unprotected-online/#,,,,,,,,,,,,,,
Dubsmash,NA,"162,000,000",2019,app,hacked,The Register,https://www.theregister.co.uk/2019/02/11/620_million_hacked_accounts_dark_web/,,,,,,,,,,,,,,,
ShareThis,NA,"41,000,000",2019,web,hacked,The Register,https://www.theregister.co.uk/2019/02/11/620_million_hacked_accounts_dark_web/,,,,,,,,,,,,,,,
HauteLook,NA,"28,000,000",2019,retail,hacked,The Register,https://www.theregister.co.uk/2019/02/11/620_million_hacked_accounts_dark_web/,,,,,,,,,,,,,,,
Animoto,NA,"25,000,000",2019,app,hacked,The Register,https://www.theregister.co.uk/2019/02/11/620_million_hacked_accounts_dark_web/,,,,,,,,,,,,,,,
EyeEm,NA,"22,000,000",2019,web,hacked,The Register,https://www.theregister.co.uk/2019/02/11/620_million_hacked_accounts_dark_web/,,,,,,,,,,,,,,,
8fit,NA,"20,000,000",2019,app,hacked,The Register,https://www.theregister.co.uk/2019/02/11/620_million_hacked_accounts_dark_web/,,,,,,,,,,,,,,,
Whitepages,NA,"18,000,000",2019,web,hacked,The Register,https://www.theregister.co.uk/2019/02/11/620_million_hacked_accounts_dark_web/,,,,,,,,,,,,,,,
Fotolog,NA,"16,000,000",2019,web,hacked,The Register,https://www.theregister.co.uk/2019/02/11/620_million_hacked_accounts_dark_web/,,,,,,,,,,,,,,,
Armor Games,NA,"11,000,000",2019,gaming,hacked,The Register,https://www.theregister.co.uk/2019/02/11/620_million_hacked_accounts_dark_web/,,,,,,,,,,,,,,,
BookMate,NA,"8,000,000",2019,web,hacked,The Register,https://www.theregister.co.uk/2019/02/11/620_million_hacked_accounts_dark_web/,,,,,,,,,,,,,,,
CoffeeMeetsBagel,NA,"6,000,000",2019,web,hacked,The Register,https://www.theregister.co.uk/2019/02/11/620_million_hacked_accounts_dark_web/,,,,,,,,,,,,,,,
Artsy,NA,"1,000,000",2019,web,hacked,The Register,https://www.theregister.co.uk/2019/02/11/620_million_hacked_accounts_dark_web/,,,,,,,,,,,,,,,
DataCamp,NA,"700,000",2019,web,hacked,The Register,https://www.theregister.co.uk/2019/02/11/620_million_hacked_accounts_dark_web/,,,,,,,,,,,,,,,
Ixigo,NA,"18,000,000",2019,transport,poor security,Techcrunch,https://techcrunch.com/2019/02/14/hacker-strikes-again/,,,,,,,,,,,,,,,
YouNow,NA,"40,000,000",2019,web,hacked,Techcrunch,https://techcrunch.com/2019/02/14/hacker-strikes-again/,,,,,,,,,,,,,,,
Houzz,NA,"57,000,000",2019,retail,hacked,Techcrunch,https://techcrunch.com/2019/01/31/houzz-data-breach/,,,,,,,,,,,,,,,
Ge.tt,NA,"1,800,000",2019,web,hacked,Techcrunch,https://techcrunch.com/2019/02/14/hacker-strikes-again/,,,,,,,,,,,,,,,
Coinmama,NA,"450,000",2019,financial,hacked,Techcrunch,https://techcrunch.com/2019/02/14/hacker-strikes-again/,,,,,,,,,,,,,,,
Roll20,NA,"4,000,000",2019,gaming,hacked,Techcrunch,https://techcrunch.com/2019/02/14/hacker-strikes-again/,,,,,,,,,,,,,,,
Stronghold Kingdoms,NA,"5,000,000",2019,gaming,hacked,Techcrunch,https://techcrunch.com/2019/02/14/hacker-strikes-again/,,,,,,,,,,,,,,,
Petflow,NA,"1,000,000",2019,retail,poor security,Techcrunch,https://techcrunch.com/2019/02/14/hacker-strikes-again/,,,,,,,,,,,,,,,
500px,NA,"14,800,000",2019,web,hacked,PetaPixel,https://petapixel.com/2019/02/13/500px-hacked-personal-data-stolen-from-all-14-8-million-users/,,,,,,,,,,,,,,,
Blur,password manager,"2,400,000",2019,tech,error,ZDNet,https://www.zdnet.com/article/data-of-2-4-million-blur-password-manager-users-left-exposed-online/,,,,,,,,,,,,,,,
Blank Media Games,NA,"7,600,000",2019,gaming,hacked,ZDNet,https://www.zdnet.com/article/town-of-salem-game-suffers-data-breach-exposing-7-6-million-user-details/,,,,,,,,,,,,,,,
Indian Jobseekers,NA,"275,265,298",2019,web,poor security,Bleeping Computer,https://www.bleepingcomputer.com/news/security/over-275-million-records-exposed-by-unsecured-mongodb-database/,,,,,,,,,,,,,,,
Bulgarian National Revenue Agency,NA,"5,000,000",2019,government,hacked,ZDNet,https://www.zdnet.com/article/hacker-steals-data-of-millions-of-bulgarians-emails-it-to-local-media/,,,,,,,,,,,,,,,
Capital One,NA,"100,000,000",2019,financial,hacked,Forbes,https://www.forbes.com/sites/rachelsandler/2019/07/29/capital-one-says-hacker-breached-accounts-of-100-million-people-ex-amazon-employee-arrested/#2a5cb36b41d2,,,,,,,,,,,,,,,
Suprema,biometrics security company,"27,800,000",2019,tech,poor security,Guardian,https://www.theguardian.com/technology/2019/aug/14/major-breach-found-in-biometrics-system-used-by-banks-uk-police-and-defence-firms,,,,,,,,,,,,,,,
Facebook,NA,"419,000,000",2019,web,poor security,Fast Company,https://www.fastcompany.com/90399734/the-phone-numbers-of-419-million-facebook-accounts-have-been-leaked,,,,,,,,,,,,,,,
DoorDash,food delivery company,"4,900,000",2019,transport,hacked,Techcrunch,https://techcrunch.com/2019/09/26/doordash-data-breach/,,,,,,,,,,,,,,,
BriansClub,site selling stolen card data,"26,000,000",2019,web,hacked,Ars Technica,https://arstechnica.com/information-technology/2019/10/data-for-a-whopping-26-million-stolen-payment-cards-leaked-in-hack-of-fraud-bazaar/,,,,,,,,,,,,,,,
Microsoft,NA,"44,000,000",2019,tech,hacked,Business Insider,https://www.businessinsider.in/tech/news/passwords-of-44-million-microsoft-users-compromised/articleshow/72433154.cms,,,,,,,,,,,,,,,
People Data Labs,NA,"3,000,000,000",2019,tech,poor security,Dataviper,https://www.dataviper.io/blog/2019/pdl-data-exposure-billion-people/,,,,,,,,,,,,,,,
OxyData,NA,"380,000,000",2019," including recruiter information.""",tech,,Dataviper,https://www.dataviper.io/blog/2019/pdl-data-exposure-billion-people/,,,,,,,,,,,,,,
Click2Gov,NA,"300,000",2018,financial,hacked,Fortune,http://fortune.com/2018/12/18/click2gov-local-government-portals-hackers-credit-card-breach/,,,,,,,,,,,,,,,
SingHealth,NA,"1,500,000",2018,healthcare,hacked,Straits Times,https://www.straitstimes.com/singapore/personal-info-of-15m-singhealth-patients-including-pm-lee-stolen-in-singapores-most,,,,,,,,,,,,,,,
GovPayNow.com,Government Payment Service Inc,"14,000,000",2018,financial,poor security,Krebs on Security,https://krebsonsecurity.com/2018/09/govpaynow-com-leaks-14m-records/,,,,,,,,,,,,,,,
Cathay Pacific Airways,NA,"9,400,000",2018,transport,hacked,ABC News,https://www.abc.net.au/news/2018-10-25/cathay-pacific-data-breach-affects-9.4-million-customers/10429878,,,,,,,,,,,,,,,
Chinese resume leak,NA,"202,000,000",2018,web,poor security,HackenProof,https://blog.hackenproof.com/industry-news/202-million-private-resumes-exposed,,,,,,,,,,,,,,,
WordPress,NA,"76,500,000",2018,web,poor security,ZDNet,https://www.zdnet.com/article/wordpress-plugs-bug-that-led-to-google-indexing-some-user-passwords/,https://www.zdnet.com/article/wordpress-vulnerability-affects-a-third-of-most-popular-websites-online/,,,,,,,,,,,,,,
Google+,NA,"52,500,000",2018,web,poor security,The Verge,https://www.theverge.com/2018/12/10/18134541/google-plus-privacy-api-data-leak-developers,,,,,,,,,,,,,,,
Quora,NA,"100,000,000",2018,web,hacked,NY Times,https://www.nytimes.com/2018/12/04/technology/quora-hack-data-breach.html,,,,,,,,,,,,,,,
Marriott Hotels,NA,"383,000,000",2018,retail,hacked,"NY Times, CNET",https://www.nytimes.com/2018/11/30/business/marriott-data-breach.html,https://www.cnet.com/news/marriott-says-hackers-stole-more-than-5-million-passport-numbers/,,,,,,,,,,,,,,
NMBS,Belgian national railway operator,"1,460,000",2018,transport,error,Flanders Today,http://www.flanderstoday.eu/business/nmbs-data-leak-was-breach-privacy,,,,,,,,,,,,,,,
Facebook,NA,"50,000,000",2018,web,hacked,Guardian,https://www.theguardian.com/news/2018/mar/17/cambridge-analytica-facebook-influence-us-election?CMP=twt_gu,,,,,,,,,,,,,,,
Panerabread,NA,"37,000,000",2018,retail,poor security,"Krebsonsecurity, Medium",https://krebsonsecurity.com/2018/04/panerabread-com-leaks-millions-of-customer-records/,https://medium.com/@djhoulihan/no-panera-bread-doesnt-take-security-seriously-bf078027f815,,,,,,,,,,,,,,
Dixons Carphone,NA,"10,000,000",2018,telecoms,hacked,Dixons Carphone,https://www.dixonscarphone.com/message,,,,,,,,,,,,,,,
MyHeritage,NA,"92,283,889",2018,web,hacked,Bloomberg,https://www.bloomberg.com/news/articles/2018-06-05/hack-of-dna-website-exposes-data-from-92-million-user-accounts,,,,,,,,,,,,,,,
Saks and Lord & Taylor,Both owned by Hudson's Bay Company,"5,000,000",2018,retail,hacked,NYTimes,https://www.nytimes.com/2018/04/01/technology/saks-lord-taylor-credit-cards.html,,,,,,,,,,,,,,,
Careem,Dubai-born ride hailing service,"14,000,000",2018,app,hacked,Khaleej Times,https://www.khaleejtimes.com/nation/dubai//dubais-careem-admits-to-data-breach-of-14-million-users,,,,,,,,,,,,,,,
Texas voter records,NA,"14,800,000",2018,web,poor security,TechCrunch,https://techcrunch.com/2018/08/23/millions-of-texas-voter-records-exposed-online/,,,,,,,,,,,,,,,
British Airways,NA,"380,000",2018,transport,hacked,Guardian,https://www.theguardian.com/business/2018/sep/06/british-airways-customer-data-stolen-from-its-website,,,,,,,,,,,,,,,
T-Mobile,NA,"2,000,000",2018,telecoms,hacked,Motherboard,https://motherboard.vice.com/en_us/article/a3qpk5/t-mobile-hack-data-breach-api-customer-data,,,,,,,,,,,,,,,
MyFitnessPal,UnderArmour,"150,000,000",2018,app,hacked,Guardian,https://www.theguardian.com/technology/2018/mar/30/hackers-steal-data-150m-myfitnesspal-app-users-under-armour,,,,,,,,,,,,,,,
Health South East,Health authority responsible for 10 Norwegian counties.,"3,000,000",2018,healthcare,hacked,It Governance,https://www.itgovernance.eu/blog/en/breach-at-norways-largest-healthcare-authority-was-a-disaster-waiting-to-happen,,,,,,,,,,,,,,,
Nametests,Facebook quiz app owned by Social Sweethearts,"120,000,000",2018,app,poor security,Medium,https://medium.com/@intideceukelaire/this-popular-facebook-app-publicly-exposed-your-data-for-years-12483418eff8,,,,,,,,,,,,,,,
Ticketmaster,NA,"40,000",2018,web,hacked,BBC News,https://www.bbc.co.uk/news/technology-44628874,,,,,,,,,,,,,,,
Firebase,A service from Google,"100,000,000",2018,app,poor security,Bleeping Computer,https://www.bleepingcomputer.com/news/security/thousands-of-apps-leak-sensitive-data-via-misconfigured-firebase-backends/,,,,,,,,,,,,,,,
Aadhaar,"India's national, biometric government ID database","1,100,000,000",2018,government,poor security,ZDNet,http://www.zdnet.com/article/another-data-leak-hits-india-aadhaar-biometric-database/,,,,,,,,,,,,,,,
Grindr,NA,"3,000,000",2018,app,poor security,NBC News,https://www.nbcnews.com/feature/nbc-out/security-flaws-gay-dating-app-grindr-expose-users-location-data-n858446,,,,,,,,,,,,,,,
Orbitz,NA,"880,000",2018,web,hacked,US News,https://www.usnews.com/news/business/articles/2018-03-20/orbitz-legacy-travel-booking-platform-likely-hacked,,,,,,,,,,,,,,,
MBM Company,Limogés Jewellery,"1,300,000",2018,retail,poor security,NextWeb,https://thenextweb.com/security/2018/03/14/jewelry-site-accidentally-leaks-personal-details-plaintext-passwords-1-3m-users/,,,,,,,,,,,,,,,
LocalBlox,datasearch service,"48,000,000",2018,web,poor security,UpGuard,https://www.upguard.com/breaches/s3-localblox,,,,,,,,,,,,,,,
Twitter,NA,"330,000,000",2018,app,poor security,Reuters,https://www.reuters.com/article/us-twitter-passwords/twitter-urges-all-users-to-change-passwords-after-glitch-idUSKBN1I42JG,,,,,,,,,,,,,,,
ViewFines,South African traffic fines database,"934,000",2018,transport,error,iAfrikan,https://www.iafrikan.com/2018/05/23/just-under-1-million-personal-records-of-south-africans-leaked-online/,,,,,,,,,,,,,,,
TicketFly,NA,"27,000,000",2018,web,hacked,TicketFly,https://support.ticketfly.com/s/article/41507,,,,,,,,,,,,,,,
Amazon,NA,"5,000,000",2018,retail,error,Guardian,https://www.theguardian.com/technology/2018/nov/21/amazon-hit-with-major-data-breach-days-before-black-friday,,,,,,,,,,,,,,,
Amazon,NA,"100,000",2018,tech,poor security,The Guardian,https://amp.theguardian.com/technology/2018/nov/21/amazon-hit-with-major-data-breach-days-before-black-friday,,,,,,,,,,,,,,,
Urban Massage,Home massage app,"309,000",2018,app,poor security,Tech Crunch,https://techcrunch.com/2018/11/27/urban-massage-data-exposed-customers-creepy-clients/?guccounter=1,,,,,,,,,,,,,,,
Dell,NA,"100,000",2018,tech,hacked,Dell,https://www.dell.com/learn/us/en/uscorp1/press-releases/2018-11-28-customer-update,,,,,,,,,,,,,,,
High Tail Hall,erotic role-playing site,"411,000",2018,web,hacked,Daily Mail,https://www.dailymail.co.uk/sciencetech/article-6415441/Furry-erotica-site-hit-data-breach-exposed-hundreds-thousands-users-information.html,,,,,,,,,,,,,,,
SKY Brasil,NA,"32,000,000",2018,telecoms,poor security,Bleeping Computer,https://www.bleepingcomputer.com/news/security/sky-brasil-exposes-32-million-customer-records/,,,,,,,,,,,,,,,
Vision Direct,UK opticians,"100,000",2018,retail,hacked,It Pro,https://www.itpro.co.uk/data-breaches/32393/attackers-steal-credit-card-details-in-vision-direct-data-breach,,,,,,,,,,,,,,,
Healthcare.gov,NA,"75,000",2018,healthcare,hacked,GizModo,https://gizmodo.com/healthcare-gov-portal-suffers-data-breach-trump-offici-1829877392?IR=T,,,,,,,,,,,,,,,
CMS,Centers for Medicare & Medicaid Services,"93,689",2018,healthcare,hacked,HCA News,https://www.hcanews.com/news/update-94k-hit-in-cms-data-breach,,,,,,,,,,,,,,,
Facebook,NA,"29,000,000",2018,web,hacked,"Business Insider, Facebook",https://www.businessinsider.com.au/facebook-thinks-spammers-responsible-hack-stole-info-from-29-million-users-2018-10?r=US&IR=T,https://newsroom.fb.com/news/2018/10/update-on-security-issue/,,,,,,,,,,,,,,
Newegg,NA,"45,000,000",2018,retail,hacked,Slashdot,https://yro.slashdot.org/story/18/09/19/1417242/hackers-stole-customer-credit-cards-in-newegg-data-breach?utm_source=rss1.0mainlinkanon&utm_medium=feed,,,,,,,,,,,,,,,
Mount Olympus,mortgage lender,"188,000",2018,financial,internal,Bitglass,https://www.globenewswire.com/news-release/2018/10/02/1588510/0/en/Bitglass-2018-Financial-Services-Breach-Report-Number-of-Breaches-in-2018-Nearly-Triple-That-of-2016.html,,,,,,,,,,,,,,,
Apollo,intelligence firm,"9,000,000,000",2018,tech,poor security,Wired,https://www.wired.com/story/apollo-breach-linkedin-salesforce-data/,,,,,,,,,,,,,,,
Disqus,NA,"17,500,000",2017,web,hacked,ZD Net,http://www.zdnet.com/article/disqus-confirms-comments-tool-hacked/,,,,,,,,,,,,,,,
RootsWeb,NA,"300,000",2017,web,poor security,Threat Post,https://threatpost.com/leaky-rootsweb-server-exposes-some-ancestry-com-user-data/129248/,,,,,,,,,,,,,,,
Yahoo,NA,"32,000,000",2017,web,hacked,CNet,https://www.cnet.com/news/yahoo-says-forged-cookie-attack-accessed-about-32m-accounts/,,,,,,,,,,,,,,,
Uber,NA,"57,000,000",2017,app,hacked,Bloomberg,https://www.bloomberg.com/news/articles/2017-11-21/uber-concealed-cyberattack-that-exposed-57-million-people-s-data,,,,,,,,,,,,,,,
Wonga,NA,"270,000",2017,financial,hacked,The Guardian,https://www.theguardian.com/business/2017/apr/09/wonga-data-breach-could-affect-250000-uk-customers?CMP=Share_iOSApp_Other,,,,,,,,,,,,,,,
Snapchat,NA,"1,700,000",2017,app,hacked,BGR,http://www.bgr.in/news/indian-hacker-group-leaks-data-of-1-7-million-snapchat-users-after-ceos-poor-country-comments-report/,,,,,,,,,,,,,,,
Spambot,NA,"711,000,000",2017,web,poor security,The Guardian,https://www.theguardian.com/technology/2017/aug/30/spambot-leaks-700m-email-addresses-huge-data-breach-passwords,,,,,,,,,,,,,,,
CEX,NA,"2,000,000",2017,retail,error,The Guardian,https://www.theguardian.com/technology/2017/aug/30/spambot-leaks-700m-email-addresses-huge-data-breach-passwords,,,,,,,,,,,,,,,
Al.type,NA,"31,000,000",2017,app,poor security,ZDNet,http://www.zdnet.com/article/popular-virtual-keyboard-leaks-31-million-user-data/,,,,,,,,,,,,,,,
Cellebrite,NA,"3,000,000",2017,tech,hacked,Motherboard,http://motherboard.vice.com/read/hacker-steals-900-gb-of-cellebrite-data,,,,,,,,,,,,,,,
Waterly,App for paying water bills,"1,000,000",2017,app,poor security,Data Breaches,https://www.databreaches.net/waterly-app-potentially-exposed-up-to-1-million-israelis-details-researcher/,,,,,,,,,,,,,,,
Swedish Transport Agency,NA,"3,000,000",2017,government,poor security,The Local,https://www.thelocal.se/20170717/swedish-authority-handed-over-keys-to-the-kingdom-in-it-security-slip-up,,,,,,,,,,,,,,,
Hong Kong Registration & Electoral Office,NA,"3,700,000",2017,government,lost device,SCMP,http://www.scmp.com/news/hong-kong/politics/article/2082566/laptops-containing-37-million-hong-kong-voters-data-stolen,,,,,,,,,,,,,,,
River City Media,Spam operator,"1,370,000,000",2017,web,error,Guardian,https://www.theguardian.com/technology/2017/mar/06/email-addresses-spam-leak-river-city-media,,,,,,,,,,,,,,,
DaFont,Font sharing site,"700,000",2017,web,hacked,ZD Net,http://www.zdnet.com/article/font-sharing-site-dafont-hacked-thousands-of-accounts-stolen/,,,,,,,,,,,,,,,
Bell,NA,"1,900,000",2017,telecoms,hacked,CBC,http://www.cbc.ca/beta/news/technology/bell-data-breach-customer-names-phone-numbers-emails-leak-1.4116608,,,,,,,,,,,,,,,
Zomato,Restaurants & events,"17,000,000",2017,web,hacked,HackRead,https://www.hackread.com/zomato-hacked-17-million-accounts-sold-on-dark-web/,,,,,,,,,,,,,,,
Imgur,NA,"1,700,000",2017,app,hacked,Imgur,https://blog.imgur.com/2017/11/24/notice-of-data-breach/,,,,,,,,,,,,,,,
TIO Networks,Owned by Paypal,"1,600,000",2017,financial,hacked,Bleeping Computer,https://www.bleepingcomputer.com/news/security/paypal-says-1-6-million-customer-details-stolen-in-breach-at-canadian-subsidiary/,,,,,,,,,,,,,,,
Malaysian telcos & MVNOs,NA,"46,200,000",2017,telecoms,hacked,LowYat,https://www.lowyat.net/2017/146339/46-2-million-mobile-phone-numbers-leaked-from-2014-data-breach/,,,,,,,,,,,,,,,
Malaysian medical practitioners,NA,"81,309",2017,healthcare,hacked,LowYat,https://www.lowyat.net/2017/146339/46-2-million-mobile-phone-numbers-leaked-from-2014-data-breach/,,,,,,,,,,,,,,,
Instagram,NA,"6,000,000",2017,web,hacked,The Verge,https://www.theverge.com/2017/9/1/16244304/instagram-hack-api-bug-doxagram-selena-gomez,,,,,,,,,,,,,,,
Viacom,NA,"3,000,000",2017,web,hacked,The Hacker News,https://thehackernews.com/2017/09/viacom-amazon-server.html,,,,,,,,,,,,,,,
Equifax,NA,"143,000,000",2017,financial,hacked,UK Gov,https://www.consumer.ftc.gov/blog/2017/09/equifax-data-breach-what-do,,,,,,,,,,,,,,,
SVR Tracking,Vehicle tracking,"540,000",2017,app,poor security,The Hacker News,https://thehackernews.com/2017/09/hacker-track-car.html,,,,,,,,,,,,,,,
LinkedIn,NA,"117,000,000",2016,web,hacked,CNN,http://money.cnn.com/2016/05/19/technology/linkedin-hack/,https://money.cnn.com/2012/06/06/technology/linkedin-password-hack/?iid=EL,,,,,,,,,,,,,,
Tumblr,NA,"65,000,000",2016,web,hacked,Motherboard,https://motherboard.vice.com/read/hackers-stole-68-million-passwords-from-tumblr-new-analysis-reveals,,,,,,,,,,,,,,,
Yahoo,NA,"500,000,000",2016,web,hacked,Business Insider,http://uk.businessinsider.com/yahoo-hack-by-state-sponsored-actor-biggest-of-all-time-2016-9?r=US&IR=T,,,,,,,,,,,,,,,
Mossack Fonseca,Panamanian law firm,"11,500,000",2016,legal,hacked,PanamaPapers,http://panamapapers.sueddeutsche.de/articles/56febff0a1bb8d3c3495adf4/,,,,,,,,,,,,,,,
Philippines’ Commission on Elections,COMELEC,"55,000,000",2016,government,hacked,Trend Micro,http://blog.trendmicro.com/trendlabs-security-intelligence/55m-registered-voters-risk-philippine-commission-elections-hacked/,,,,,,,,,,,,,,,
Syrian government,NA,"274,477",2016,government,hacked,Softpedia,http://news.softpedia.com/news/syrian-government-hacked-43-gb-of-data-spilled-online-by-hacktivists-502765.shtml,,,,,,,,,,,,,,,
Minecraft,Lifeboat' community,"7,000,000",2016,gaming,hacked,Motherboard,http://motherboard.vice.com/read/another-day-another-hack-7-million-emails-and-hashed-passwords-for-minecraft,,,,,,,,,,,,,,,
Turkish citizenship database,NA,"49,611,709",2016,government,hacked,Business Insider,http://www.businessinsider.com/turkish-citizenship-database-allegedly-hacked-and-leaked-2016-4?r=UK&IR=T,,,,,,,,,,,,,,,
Banner Health,NA,"3,700,000",2016,healthcare,hacked,Healthcare Informatics,https://www.healthcare-informatics.com/news-item/cybersecurity/breaking-massive-cyber-attack-banner-health-affects-37m-individuals,,,,,,,,,,,,,,,
Mail. ru,Game-related forums,"25,000,000",2016,web,hacked,ZD Net,http://www.zdnet.com/article/over-25-million-accounts-stolen-after-mail-ru-forums-raided-by-hackers/,,,,,,,,,,,,,,,
PayAsUGym,NA,"300,000",2016,web,hacked,BBC News,http://www.bbc.co.uk/news/technology-38350987,,,,,,,,,,,,,,,
Lynda.com,owned by LinkedIn,"9,500,000",2016,web,hacked,Neowin,https://www.neowin.net/news/microsoft-owned-linkedin-is-sending-emails-to-users-about-a-lyndacom-data-breach,,,,,,,,,,,,,,,
Linux Ubuntu forums,NA,"2,000,000",2016,web,hacked,ZDnet,https://www.zdnet.com/article/ubuntu-forums-hack-exposes-two-million-users/,,,,,,,,,,,,,,,
Wendy's,Restaurant chain,"1,025",2016,retail,hacked,Forbes,https://www.forbes.com/sites/moneybuilder/2016/07/08/this-week-in-credit-card-news-wendys-data-breach-affects-1000-stores-card-fraud-dropping/#260a2f727bab,,,,,,,,,,,,,,,
Clinton campaign,NA,"5,000,000",2016,government,hacked,Reuters,http://news.trust.org/item/20160729204542-r98dj,,,,,,,,,,,,,,,
uTorrent,NA,"35,000",2016,web,hacked,Torrent Freak,https://torrentfreak.com/utorrent-forums-hacked-passwords-compromised-160608/,,,,,,,,,,,,,,,
World Check,Run by Thompson Reuters,"2,200,000",2016,media,poor security,The Stack,https://thestack.com/security/2016/06/29/2-million-person-terror-database-leaked-online/,,,,,,,,,,,,,,,
Mutuelle Generale de la Police,French police health insurance,"112,000",2016,healthcare,internal,BBC News,http://www.bbc.co.uk/news/world-europe-36645519,,,,,,,,,,,,,,,
VK,Russia's Facebook,"100,544,934",2016,web,hacked,Motherboard,http://motherboard.vice.com/read/another-day-another-hack-100-million-accounts-for-vk-russias-facebook,,,,,,,,,,,,,,,
KM.ru & Nival,News site and email provider/Videogame maker,"1,500,000",2016,web,hacked,Motherboard,https://motherboard.vice.com/en_us/article/pgkp57/a-teen-hacker-is-targeting-russian-sites-as-revenge-for-the-mh17-crash,,,,,,,,,,,,,,,
Fling,Dating site,"40,000,000",2016,web,hacked,IBTimes,https://www.ibtimes.co.uk/fling-com-breach-passwords-sexual-preferences-40-million-users-sale-dark-web-1558711,,,,,,,,,,,,,,,
MySpace,NA,"164,000,000",2016,web,hacked,Motherboard,http://motherboard.vice.com/read/427-million-myspace-passwords-emails-data-breach,,,,,,,,,,,,,,,
Three,Three mobile company in the UK,"200,000",2016,telecoms,hacked,Three,http://www.threemediacentre.co.uk/news/2017/handsetfraud-update.aspx,,,,,,,,,,,,,,,
Red Cross Blood Service,NA,"550,000",2016,healthcare,error,ABC News,http://www.abc.net.au/news/2016-10-28/red-cross-blood-service-admits-to-data-breach/7974036,,,,,,,,,,,,,,,
Telegram,Instant messaging service,"15,000,000",2016,app,hacked,Venture Beat,http://venturebeat.com/2016/08/02/hackers-break-into-telegram-revealing-15-million-users-phone-numbers/,,,,,,,,,,,,,,,
Dailymotion,video sharing site,"85,200,000",2016,web,hacked,ZDNet,http://www.zdnet.com/article/dailymotion-hack-exposes-millions-of-accounts/,,,,,,,,,,,,,,,
Weebly,NA,"43,000,000",2016,web,hacked,Tech Crunch,https://techcrunch.com/2016/10/20/weebly-hacked-43-million-credentials-stolen/,,,,,,,,,,,,,,,
Interpark,NA,"10,000,000",2016,web,hacked,NY times,http://www.nytimes.com/2016/07/29/world/asia/north-korea-hacking-interpark.html,,,,,,,,,,,,,,,
Quest Diagnostics,NA,"34,000",2016,healthcare,hacked,Newsroom,http://newsroom.questdiagnostics.com/2016-12-12-Quest-Diagnostics-Provides-Notice-of-Data-Security-Incident#assets_129,,,,,,,,,,,,,,,
Friend Finder Network,"Parent company of Adult Friend Finder , Cams.com and Penthouse.com","412,000,000",2016,web,hacked,ZDNet,http://www.zdnet.com/article/adultfriendfinder-network-hack-exposes-secrets-of-412-million-users/,,,,,,,,,,,,,,,
Brazzers,Porn site,"790,724",2016,web,hacked,Motherboard,http://motherboard.vice.com/read/nearly-800000-brazzers-porn-site-accounts-exposed-in-forum-hack,,,,,,,,,,,,,,,
ClixSense,NA,"6,600,000",2016,web,hacked,Digital trends,http://www.digitaltrends.com/computing/clixsense-hacked/,,,,,,,,,,,,,,,
Carefirst,"Blue Cross, Blue Shield US medical insurer","1,100,000",2015,healthcare,hacked,Carefirst,http://carefirstanswers.com/,,,,,,,,,,,,,,,
Twitch.tv,Gaming site,"10,000,000",2015,healthcare,hacked,Twitch,http://blog.twitch.tv/2015/03/important-notice-about-your-twitch-account/,,,,,,,,,,,,,,,
Premera,US healthcare provider,"11,000,000",2015, date of birth, email address, bank account information, and claims information," including clinical information""""",healthcare,hacked,,5,,,Computer Weekly,https://www.computerweekly.com/news/2240242508/Premera-hack-exposes-11-million-financial-and-medical-records,,,,,,
Uber,NA,"50,000",2015,"tech, app",poor security,Uber,http://blog.uber.com/2-27-15,,,,,,,,,,,,,,,
Deep Root Analytics,NA,"198,000,000",2015,web,poor security,"Reuters, UpGuard",http://uk.reuters.com/article/us-usa-voters-breach-idUKKBN0UB1E020151229,https://www.upguard.com/breaches/the-rnc-files,,,,,,,,,,,,,,
Kromtech,MacKeeper software,"13,000,000",2015,web,hacked,The Stack,https://thestack.com/security/2015/12/15/mackeeper-discloses-13-million-mac-users-details-with-poor-hash-protection/,https://www.reddit.com/r/apple/comments/3wq9fc/massive_data_breach/,,,,,,,,,,,,,,
Invest Bank,United Arab Emirates bank,"40,000",2015,financial,hacked,Daily Dot,http://www.dailydot.com/politics/invest-bank-hacker-buba/,,,,,,,,,,,,,,,
Sanrio,Hello Kitty and other franchises,"3,300,000",2015,web,poor security,CSO Online,http://www.csoonline.com/article/3017171/security/database-leak-exposes-3-3-million-hello-kitty-fans.html,,,,,,,,,,,,,,,
VTech,Toymaker company,"6,400,000",2015,web,hacked,The Guardian,http://www.theguardian.com/technology/2015/dec/02/vtech-hack-us-hong-kong-investigate-children-exposed,http://www.troyhunt.com/2015/11/when-children-are-breached-inside.html,,,,,,,,,,,,,,
Hacking Team,NA,"500,000",2015,web,hacked,The Guardian,http://www.theguardian.com/technology/2015/jul/06/hacking-team-hacked-firm-sold-spying-tools-to-repressive-regimes-documents-claim,,,,,,,,,,,,,,,
AshleyMadison.com,US ex-marital affairs site,"37,000,000",2015,web,hacked,Krebs on Security,http://krebsonsecurity.com/2015/07/online-cheating-site-ashleymadison-hacked/,,,,,,,,,,,,,,,
US Office of Personnel Management (2nd Breach),NA,"21,500,000",2015,government,hacked,BBC News,http://www.bbc.co.uk/news/world-us-canada-33120405,http://www.reuters.com/article/2015/07/09/us-cybersecurity-usa-idUSKCN0PJ2M420150709?feedType=RSS&feedName=topNews&utm_source=twitter,,,,,,,,,,,,,,
US Office of Personnel Management,NA,"4,000,000",2015, job assignments," performance ratings and training information""""",,,Washington Post,http://www.washingtonpost.com/world/national-security/chinese-hackers-breach-federal-governments-personnel-office/2015/06/04/889c0e52-0af7-11e5-95fd-d580f1c5d44e_story.html?tid=hpModule_04941f10-8a79-11e2-98d9-3012c1cd8d1e,,,,,,,,,,,,,
Australian Immigration Department,NA,"500,000",2015,government,error,The Guardian,http://www.theguardian.com/world/2015/mar/30/personal-details-of-world-leaders-accidentally-revealed-by-g20-organisers,,,,,,,,,,,,,,,
IRS,US Tax service,"100,000",2015, and tried to download forms on 200,000 people between February and May. They got away with half of them,,1,,,CNN,http://money.cnn.com/2015/05/26/pf/taxes/irs-website-data-hack/index.html,,,,,,,,,,,
MSpy,kid & partner tracking service,"400,000",2015, tracking data, and payment details on some 145,,2,,,Krebs on Security,http://krebsonsecurity.com/2015/05/mobile-spy-software-maker-mspy-hacked-customer-data-leaked/,,,,,,,,,,,
Adult Friend Finder,Internet dating & hookup site,"3,900,000",2015,web,hacked,Channel 4,http://www.channel4.com/news/adult-friendfinder-dating-hack-internet-dark-web,,,,,,,,,,,,,,,
Securus Technologies,Prison phone service provider,"70,000,000",2015,web,hacked,The Intercept,https://theintercept.com/2015/11/11/securus-hack-prison-phone-company-exposes-thousands-of-calls-lawyers-and-clients/,,,,,,,,,,,,,,,
TalkTalk,Telecoms provider,"157,000",2015,telecoms,hacked,BBC News,http://www.bbc.co.uk/news/uk-34784980,http://www.bbc.co.uk/news/uk-34611857,,,,,,,,,,,,,,
Experian / T-mobile,NA,"15,000,000",2015,telecoms,hacked,Reuters,http://www.reuters.com/article/2015/10/02/us-tmobile-dataprotection-idUSKCN0RV5PL20151002,,,,,,,,,,,,,,,
Slack,software for remote working,"500,000",2015,app,hacked,Tech Crunch,http://techcrunch.com/2015/03/27/slack-got-hacked/,,,,,,,,,,,,,,,
CarPhone Warehouse,UK mobile phone supplier,"2,400,000",2015,telecoms,hacked,The Guardian,http://www.theguardian.com/technology/2015/aug/10/carphone-warehouse-uk-data-watchdog-investigating-customer-hack,,,,,,,,,,,,,,,
British Airways,Frequent flyer accounts,"500,000",2015,transport,hacked,The Guardian,http://www.theguardian.com/business/2015/mar/29/british-airways-frequent-flyer-accounts-hacked,,,,,,,,,,,,,,,
Anthem,Second-largest health insurer in the US,"80,000,000",2015,healthcare,hacked,NYTimes,https://www.nytimes.com/2015/02/05/business/hackers-breached-data-of-millions-insurer-says.html,,,,,,,,,,,,,,,
UCLA Health,NA,"4,500,000",2015,healthcare,hacked,Health IT Security,https://healthitsecurity.com/news/ucla-health-reaches-7.5m-settlement-over-2015-breach-of-4.5m,,,,,,,,,,,,,,,
Neiman Marcus,US retailer,"1,100,000",2014,retail,hacked,NY Times,http://www.nytimes.com/2014/01/24/business/neiman-marcus-breach-affected-1-1-million-cards.html,http://krebsonsecurity.com/2014/08/stealthy-razor-thin-atm-insert-skimmers/,,,,,,,,,,,,,,
AOL,NA,"2,400,000",2014,web,hacked,NBC News,https://www.nbcnews.com/tech/security/youve-got-hacked-aol-confirms-significant-number-mail-users-hit-n91701,,,,,,,,,,,,,,,
Community Health Systems,NA,"4,500,000",2014,healthcare,hacked,CNN,http://money.cnn.com/2014/08/18/technology/security/hospital-chs-hack/,,,,,,,,,,,,,,,
Privatization Agency of the Republic of Serbia,NA,"5,190,396",2014,government,error,Poverenik,https://www.poverenik.rs/en/press-releases/1953-povreda-prava-na-zastitu-podataka-o-licnosti-skoro-svih-punoletnih-gradjana-srbije.html,,,,,,,,,,,,,,,
Sony Pictures,NA,"10,000,000",2014,media,hacked,,,Buzzfeed,http://www.buzzfeed.com/tomgara/sony-hack,,,,,,,,,,,,,
Indiana University,NA,"146,000",2014,academic,poor security,Indiana University,http://news.iu.edu/releases/iu/2014/02/data-exposure-disclosure.shtml,http://www.usatoday.com/story/news/nation/2014/02/26/indiana-university-data-breach/5830685/,,,,,,,,,,,,,,
Ebay,NA,"145,000,000",2014,web,hacked,Business Insider,https://www.businessinsider.com/cyber-thieves-took-data-on-145-million-ebay-customers-by-hacking-3-corporate-employees-2014-5?r=US&IR=T,,,,,,,,,,,,,,,
UPS,NA,"4,000,000",2014,retail,hacked,Time,http://time.com/3151681/ups-hack/,,,,,,,,,,,,,,,
European Central Bank,NA,"4,000,000",2014,financial,hacked,City am,http://www.cityam.com/1406190300/ecb-website-hacked,,,,,,,,,,,,,,,
JP Morgan Chase,NA,"76,000,000",2014,financial,hacked,Deal Book,http://dealbook.nytimes.com/2014/10/02/jpmorgan-discovers-further-cyber-security-issues/?_php=true&_type=blogs&_r=0,,,,,,,,,,,,,,,
New York Taxis,NA,"52,000",2014,transport,poor security,Medium,https://medium.com/@vijayp/f6bc289679a1,,,,,,,,,,,,,,,
HSBC Turkey,NA,"2,700,000",2014, the bank said an attack on its credit card and debit card systems in Turkey had been thwarted but card numbers,hacked,4,,,Reuters,http://www.reuters.com/article/us-hsbc-turkey-cybersecurity/hsbc-turkey-says-customer-credit-card-data-stolen-idUSKCN0IW1RR20141112,,,,,,,,,,,,
Japan Airlines,NA,"750,000",2014,transport,hacked,"WSJ, Japan Airlines",http://online.wsj.com/articles/japan-airlines-reports-hacker-attack-1412053828,http://www.jal.co.jp/en/info/other/140924.html,,,,,,,,,,,,,,
Staples,NA,"1,160,000",2014,retail,hacked,Fortune,http://fortune.com/2014/12/19/staples-cards-affected-breach/,,,,,,,,,,,,,,,
Gmail,NA,"5,000,000",2014,web,hacked,The Next Web,http://thenextweb.com/google/2014/09/10/4-93-million-gmail-usernames-passwords-published-google-says-evidence-systems-compromised/,,,,,,,,,,,,,,,
Home Depot,NA,"56,000,000",2014,retail,hacked,Krebs on Security,http://krebsonsecurity.com/2014/09/banks-credit-card-breach-at-home-depot/,,,,,,,,,,,,,,,
Korea Credit Bureau,NA,"20,000,000",2014,financial,internal,Security Week,http://www.securityweek.com/20-million-people-fall-victim-south-korea-data-leak,,,,,,,,,,,,,,,
Dominios Pizzas (France),NA,"600,000",2014,retail,hacked,The Guardian,http://www.theguardian.com/technology/2014/jun/16/dominos-pizza-ransom-hack-data,,,,,,,,,,,,,,,
Mozilla,NA,"76,000",2014,web,poor security,The Guardian,http://www.theguardian.com/technology/2014/aug/05/mozilla-leak-developer-email-addresses-passwords-firefox,,,,,,,,,,,,,,,
Massive American business hack,"7-Eleven, JC Penney, Hannaford, Heartland, JetBlue, Dow Jones, Euronet, Visa Jordan, Global Payment, Diners Singapore and Ingenicard","160,000,000",2013,financial,hacked,Technology Review,https://www.technologyreview.com/s/517551/prosecutors-describe-massive-breach-of-credit-card-data/,,,,,,,,,,,,,,,
"Affinity Health Plan, Inc.",NA,"344,579",2013,healthcare,lost device,Proskauer,https://privacylaw.proskauer.com/2013/08/articles/identity-theft/a-1-2-million-photocopier-mistake-health-plan-settles-with-hhs-in-hipaa-breach-case/,,,,,,,,,,,,,,,
Citigroup,NA,"150,000",2013,financial,error,,Softpedia,http://news.softpedia.com/news/Citi-Exposes-Details-of-150-000-Individuals-Who-Went-into-Bankruptcy-369979.shtml,,,,,,,,,,,,,,
Tianya,"Usernames, clear tect passwords and email addresses hacked.","40,000,000",2013,web,hacked,"Computer World, Hacker News","http://www.scmagazine.com.au/News/349585,28-million-clear-text-passwords-found-after-tianya65279-hack.aspx",https://thehackernews.com/2011/12/tianya-chinas-biggest-online-forum-40.html,,,,,,,,,,,,,,
Scribd,world's largest online library,"500,000",2013,web,hacked,"Naked Security, NBC News",http://nakedsecurity.sophos.com/2013/04/05/scribd-worlds-largest-online-library-admits-to-network-intrusion-password-breach/,http://www.nbcnews.com/technology/scribd-hack-exposes-thousands-users-1B9239618,,,,,,,,,,,,,,
Kissinger Cables,NA,"1,700,000",2013,government,internal,Wikileaks,https://www.wikileaks.org/plusd/about/,,,,,,,,,,,,,,,
Living Social,special offers website,"50,000,000",2013,web,hacked,"Naked Security, New York Times",http://nakedsecurity.sophos.com/2013/04/27/livingsocial-hacked-50-million-affected/,http://bits.blogs.nytimes.com/2013/04/26/living-social-hack-exposes-data-for-50-million-customers/,,,,,,,,,,,,,,
Yahoo,NA,"3,000,000,000",2013,web,hacked,"NY Times, BBC",http://www.nytimes.com/2016/12/14/technology/yahoo-hack.html?action=Click&contentCollection=BreakingNews&contentID=64651831&pgtype=Homepage&_r=0,https://www.bbc.co.uk/news/business-41493494,,,,,,,,,,,,,,
SnapChat,NA,"4,700,000",2013,"web, tech",hacked,BBC News,https://www.bbc.co.uk/news/technology-25572661,,,,,,,,,,,,,,,
University of Delaware,NA,"74,000",2013,academic,hacked,University of Delaware,http://www1.udel.edu/udaily/2014/jul/resources073013.html,,,,,,,,,,,,,,,
Central Hudson Gas & Electric,NA,"110,000",2013,energy,hacked,eSecurity Planet,https://www.esecurityplanet.com/network-security/central-hudson-gas-and-electric-hacked.html,,,,,,,,,,,,,,,
Twitter,NA,"250,000",2013,web,hacked,CNN,https://edition.cnn.com/2013/02/01/tech/social-media/twitter-hacked/index.html,,,,,,,,,,,,,,,
"Crescent Health Inc., Walgreens",NA,"100,000",2013,healthcare,lost device,Healthcare IT News,https://www.healthcareitnews.com/news/walgreens-company-announces-data-breach,,,,,,,,,,,,,,,
Florida Department of Juvenile Justice,NA,"100,000",2013,government,lost device,Data Breaches,https://www.databreaches.net/stolen-florida-dept-of-juvenile-justice-device-contained-records-of-more-than-100000-youth-and-employees/,,,,,,,,,,,,,,,
Advocate Medical Group,NA,"4,000,000",2013,healthcare,lost device,Health IT Security,http://healthitsecurity.com/2013/08/27/advocate-medical-group-endures-massive-data-breach/,,,,,,,,,,,,,,,
OVH,French Internet host,,2013,web,hacked,OVH,http://status.ovh.net/?do=details&id=5070,,,,,,,,,,,,,,,
Apple,NA,"275,000",2013,"000 3rd-party developers potentially stolen.""",hacked,,The Guardian,http://www.guardian.co.uk/technology/2013/jul/22/apple-developer-site-hacked,,,,,,,,,,,,,,
NASDAQ,Nasdaq OMX Group,"500,000",2013,financial,hacked,Reuters,http://www.reuters.com/article/2013/07/18/net-us-nasdaq-cybercrime-website-idUSBRE96H1F520130718,,,,,,,,,,,,,,,
UbiSoft,games company,"58,000,000",2013," but that subscribers' debit and credit card details remained safe as it did not store them.""",hacked,,BBC News,https://www.bbc.co.uk/news/technology-23159997,,,,,,,,,,,,,,
Ubuntu,"The discussion forum for the popular alternative, open-source operating system","2,000,000",2013,"tech, web",hacked,Ars Technica,http://arstechnica.com/security/2013/07/hack-exposes-e-mail-addresses-password-data-for-2-million-ubuntu-forum-users/,,,,,,,,,,,,,,,
Nintendo,Japan's Club Nintendo service,"240,000",2013,gaming,hacked,ZDNet,https://www.zdnet.com/article/club-nintendo-site-hacked-customer-data-exposed/,,,,,,,,,,,,,,,
National Security Agency,NA,"1,500,000",2013,government,internal,Business Insider,http://uk.businessinsider.com/snowden-leaks-timeline-2016-9,,,,,,,,,,,,,,,
Facebook,NA,"6,000,000",2013, some Facebook members were inadvertently sent the phone numbers or email address of Facebook friends that were otherwise private. Facebook assured users that the bug was fixed within a day," and that there is no evidence that the information was used maliciously.""",,,Facebook,https://www.facebook.com/notes/facebook-security/important-message-from-facebooks-white-hat-program/10151437074840766,,,,,,,,,,,,,
Evernote,online note-taking site,"50,000,000",2013,web,hacked,"Wired, Digital Trends",http://www.wired.co.uk/news/archive/2013-03/04/evernote-hacked,http://www.digitaltrends.com/mobile/evernote-hack-50-million-users-forced-to-reset-passwords/,,,,,,,,,,,,,,
Kirkwood Community College,Hacked online database,"125,000",2013,academic,hacked,eSecurity Planet,https://www.esecurityplanet.com/hackers/kirkwood-community-college-hacked.html,,,,,,,,,,,,,,,
Yahoo Japan,NA,"22,000,000",2013,"tech, web",hacked,Reuters,http://www.reuters.com/article/2013/05/17/us-yahoojapan-idUSBRE94G0P620130517,,,,,,,,,,,,,,,
Drupal,open-source content management platform,"1,000,000",2013,web,hacked,Ars Technica,http://arstechnica.com/security/2013/05/drupal-org-resets-login-credentials-after-hack-exposes-password-data/,,,,,,,,,,,,,,,
TerraCom & YourTel,NA,"170,000",2013,"000 customers - including social security numbers and other identifying data that could be used for identity theft - were sitting on a publicly accessible server.""",telecoms,,"Boing Boing, Wired",http://boingboing.net/2013/05/23/terracom-and-yourtel-threaten.html,http://www.wired.co.uk/news/archive/2013-05/23/reporter-google-breach-hacker,,,,,,,,,,,,,
Washington State court system,Administrative offices,"160,000",2013,government,hacked,"Reuters, Privacy Rights",http://www.reuters.com/article/2013/05/09/us-usa-hack-washingtonstate-idUSBRE9480YY20130509,http://www.privacyrights.org/data-breach,,,,,,,,,,,,,,
MacRumours.com,NA,"860,000",2013,web,hacked,Wired,http://www.wired.co.uk/news/archive/2013-11/13/mac-rumours-forums-hacked,,,,,,,,,,,,,,,
Court Ventures,Experian,"200,000,000",2013,financial,internal,"NY Times, Gov Tech",http://bits.blogs.nytimes.com/2013/10/24/senator-intensifies-probe-of-data-brokers/?_php=true&_type=blogs&_r=0,http://www.govtech.com/security/San-Diego-Sues-Experian-Over-Alleged-2010-Breach.html,,,,,,,,,,,,,,
Vodafone,NA,"2,000,000",2013,telecoms,internal,Security Week,http://www.securityweek.com/attacker-steals-data-2-million-vodafone-germany-customers,,,,,,,,,,,,,,,
Adobe,NA,"36,000,000",2013,tech,hacked,Adobe,http://helpx.adobe.com/x-productkb/policy-pricing/customer-alert.html,,,,,,,,,,,,,,,
"D&B, Altegrity",NA,"1,000,000",2013,tech,hacked,USA Today; Reuters,http://www.usatoday.com/story/cybertruth/2013/09/26/lexisnexis-dunn--bradstreet-altegrity-hacked/2878769/,http://www.reuters.com/article/2013/09/26/us-cyberattacks-databrokers-idUSBRE98P03220130926,,,,,,,,,,,,,,
ssndob.ms,NA,"4,000,000",2013,web,hacked,Krebs on Security,http://krebsonsecurity.com/2013/09/data-broker-giants-hacked-by-id-theft-service/,,,,,,,,,,,,,,,
Target,NA,"70,000,000",2013,retail,hacked,Huffington Post,http://www.huffingtonpost.com/2013/12/19/target-hacked-customer-credit-card-data-accessed_n_4471672.html?utm_hp_ref=mostpopular,,,,,,,,,,,,,,,
China Software Developer Network,NA,"6,000,000",2012,web,hacked,ZDNet,http://www.zdnet.com/blog/security/chinese-hacker-arrested-for-leaking-6-million-logins/11064,,,,,,,,,,,,,,,
Global Payments,"Credit, debit and check processing for merchants (Visa, Mastercard, etc)","7,000,000",2012,financial,hacked,Washington Post,http://www.washingtonpost.com/business/technology/faq-the-global-payments-hack/2012/04/02/gIQAIHLLrS_story.html,,,,,,,,,,,,,,,
South Carolina Government,South Carolina Department of Health and Human Services,"6,400,000",2012,healthcare,internal,The State,http://www.thestate.com/2012/04/20/2241321/personal-information-of-more-than.html#.UFpUVqRYtmg,,,,,,,,,,,,,,,
Three Iranian banks,"Saderat, Eghtesad Novin, & Saman","3,000,000",2012,financial,hacked,ZD Net,http://www.zdnet.com/blog/security/3-million-bank-accounts-hacked-in-iran/11577,,,,,,,,,,,,,,,
California Department of Child Support Services,NA,"800,000",2012,government,lost device,Business Insider,https://www.businessinsider.com/california-child-support-data-breach-2012-4?IR=T,,,,,,,,,,,,,,,
Emory Healthcare,hospital system in Atlanta,"315,000",2012,healthcare,lost device,Emory,http://news.emory.edu/stories/2012/04/ehc_missing_data/campus.html,,,,,,,,,,,,,,,
Office of the Texas Attorney General,NA,"6,500,000",2012,government,error,Raw Story,http://www.rawstory.com/rs/2012/04/26/texas-attorney-general-exposes-millions-of-voters-social-security-numbers/,,,,,,,,,,,,,,,
Medicaid,US health program for low income people and families,"780,000",2012,"government, healthcare",hacked,Reuters,https://www.reuters.com/article/us-usa-hackers-utah/european-hackers-suspected-in-utah-medicaid-files-breach-idUSBRE83404G20120405,,,,,,,,,,,,,,,
Blizzard,"Activision, Battle.net","14,000,000",2012,gaming,hacked,Forbes,https://www.forbes.com/sites/erikkain/2012/08/09/its-official-blizzard-hacked-account-information-stolen/#6dfbcdc355d1,,,,,,,,,,,,,,,
New York State Electric & Gas,NA,"1,800,000",2012,energy,internal,Data Breaches,https://www.databreaches.net/nyseg-and-rge-notify-customers-of-unauthorized-access-to-customer-data/,,,,,,,,,,,,,,,
Memorial Healthcare System,Florida,"102,153",2012,healthcare,lost device,Modern Healthcare,https://www.modernhealthcare.com/article/20120413/NEWS/304139950,,,,,,,,,,,,,,,
Zappos,NA,"24,000,000",2012,web,hacked,Forbes,http://www.forbes.com/sites/andygreenberg/2012/01/15/zappos-says-hackers-accessed-24-million-customers-account-details/,,,,,,,,,,,,,,,
Formspring, Interest-based social Q&A website,"420,000",2012,web,hacked,CNet,http://news.cnet.com/8301-1009_3-57469944-83/formspring-disables-user-passwords-in-security-breach/?tag=mncol;txt,,,,,,,,,,,,,,,
KT Corp.,Korean mobile carrier,"8,700,000",2012,telecoms,hacked,"Korea Times, CNet",http://www.koreatimes.co.kr/www/news/biz/2012/07/113_116143.html,http://news.cnet.com/8301-1009_3-57482215-83/hackers-accused-of-stealing-data-from-9m-korean-mobile-users/,,,,,,,,,,,,,,
Yahoo Voices,NA,"450,000",2012,"tech, web",hacked,Slashdot,http://it.slashdot.org/story/12/07/12/1243217/nearly-half-a-million-yahoo-passwords-leaked-updated?utm_source=feedburnerGoogle+Reader&utm_medium=feed&utm_campaign=Feed%3A+Slashdot%2Fslashdot+%28Slashdot%29&utm_content=Google+Reader,,,,,,,,,,,,,,,
Last.fm,Owned by CBS,"43,500,000",2012,web,hacked,ZD Net,http://www.zdnet.com/article/hackers-stole-43-million-last-fm-account-details-in-2012-breach/,https://www.zdnet.com/article/last-fm-investigating-security-issue-passwords-leaked/,,,,,,,,,,,,,,
"LinkedIn, eHarmony, Last.fm",NA,"8,000,000",2012,web,hacked,Cnet,http://news.cnet.com/8301-1009_3-57449325-83/what-the-password-leaks-mean-to-you-faq/?tag=mncol;txt,,,,,,,,,,,,,,,
Gamigo,NA,"8,000,000",2012,web,hacked,Forbes,http://www.forbes.com/sites/andygreenberg/2012/07/23/eight-million-passwords-spilled-from-gaming-site-gamigo-months-after-breach/,,,,,,,,,,,,,,,
Militarysingles.com,"Online dating network for, you guessed it, military singles","163,792",2012,"web, military",hacked,PC World,http://www.pcworld.com/article/252647/reborn_lulzsec_claims_hack_of_dating_site_for_military_personnel.html,,,,,,,,,,,,,,,
Apple,NA,"12,367,232",2012,"tech, retail",error,CNET,http://news.cnet.com/8301-1009_3-57505330-83/antisec-claims-to-have-snatched-12m-apple-device-ids-from-fbi/,http://news.cnet.com/8301-1009_3-57509595-83/udid-leak-source-idd-bluetoad-mobile-firm-says-it-was-hacked/,,,,,,,,,,,,,,
Greek government,NA,"9,000,000",2012,government,hacked,Wired,http://www.wired.co.uk/news/archive/2012-11/22/greece-id-theft,,,,,,,,,,,,,,,
South Carolina State Dept. of Revenue,NA,"3,600,000",2012,government,hacked,Information Week,http://www.infoworld.com/article/2615754/cyber-crime/south-carolina-reveals-massive-data-breach-of-social-security-numbers--credit-cards.html,,,,,,,,,,,,,,,
Dropbox,NA,"68,700,000",2012,web,hacked,The Telegraph,http://www.telegraph.co.uk/technology/2016/08/31/dropbox-hackers-stole-70-million-passwords-and-email-addresses/,,,,,,,,,,,,,,,
New York City Health & Hospitals Corp.,New York City Health & Hospitals Corporation's North Bronx Healthcare Network,"1,700,000",2011,healthcare,lost device,InfoRisk,https://www.inforisktoday.com/new-york-breach-affects-17-million-a-3349,,,,,,,,,,,,,,,
"Seacoast Radiology, PA",NA,"231,400",2011,healthcare,hacked,Fosters,http://www.fosters.com/apps/pbcs.dll/article?AID=/20110120/GJNEWS_01/701209744,,,,,,,,,,,,,,,
"South Shore Hospital, Massachusetts",NA,"800,000",2011,healthcare,lost device,Boston Globe,http://archive.boston.com/business/technology/articles/2011/09/21/two_million_mass_residents_hit_by_data_breach_leaks/,,,,,,,,,,,,,,,
Betfair,UK gambling site,"2,300,000",2011,web,hacked,FT,https://www.ft.com/content/819f5b1c-eb80-11e0-a576-00144feab49a,,,,,,,,,,,,,,,
"Ankle & foot Center of Tampa Bay, Inc.",NA,"156,000",2011,healthcare,hacked,Phi Privacy,http://www.phiprivacy.net/?p=5743,,,,,,,,,,,,,,,
Yale University,NA,"43,000",2011,academic,error,NBC News,http://www.nbcnews.com/id/44235153/ns/technology_and_science-security/t/data-breach-hits-yale-university/,,,,,,,,,,,,,,,
Morgan Stanley Smith Barney,NA,"34,000",2011,financial,lost device,ABC News,https://abcnews.go.com/Business/morgan-stanley-smith-barney-breach-losing-client-data/story?id=14008632,,,,,,,,,,,,,,,
State of Texas,NA,"3,500,000",2011,government,error,Dallas News,http://www.dallasnews.com/news/texas/2011/04/11/breach-in-texas-comptrollers-office-exposes-3.5-million-social-security-numbers-birth-dates,,,,,,,,,,,,,,,
Epsilon,Marketing email provider,"3,000,000",2011,web,hacked,Guardian,https://www.theguardian.com/technology/2011/apr/04/epsilon-email-hack,,,,,,,,,,,,,,,
Sony PSN,NA,"77,000,000",2011,gaming,hacked,Mashable,http://mashable.com/2011/05/31/sony-playstation-services-return/,,,,,,,,,,,,,,,
US Law Enforcement,NA,"123,461",2011,719 social security numbers,8,182 street addresses,1,531,628 email addresses,106,691 phone numbers, 57 bank account numbers, 53 driver's license numbers," and eight credit card numbers of more than 70 different U.S. law enforcement agencies.""",government,hacked,,3,,,PC World,"http://www.pcmag.com/article2/0,2817,2390683,00.asp"
University of Wisconsin - Milwaukee,NA,"73,000",2011,academic,hacked,ZDNet,https://www.zdnet.com/article/university-of-wisconsin-hacked-75000-social-security-numbers-student-names-exposed/,,,,,,,,,,,,,,,
Stratfor,geopolitical intelligence firm,"935,000",2011,military,hacked,NYTimes,https://www.nytimes.com/2011/12/26/technology/hackers-breach-the-web-site-of-stratfor-global-intelligence.html?ref=technology&mtrref=bits.blogs.nytimes.com&gwh=A41315BCE5C521B2A0D451BEFF0886E9&gwt=pay,,,,,,,,,,,,,,,
Chinese gaming sites,NA,"10,000,000",2011,web,hacked,eHacking News,http://www.ehackingnews.com/2011/12/hackers-compromised-38-million-chinese.html,,,,,,,,,,,,,,,
Southern California Medical-Legal Consultants,NA,"300,000",2011,healthcare,hacked,Data Breaches,https://www.databreaches.net/southern-california-medical-legal-consultants-reveals-that-300000-workers-compensation-applicants-names-and-social-security-numbers-were-exposed-on-internet/,,,,,,,,,,,,,,,
Writerspace.com,Website design and hosting for writers,"62,000",2011,web,hacked,PC Mag,"http://www.pcmag.com/article2/0,2817,2387186,00.asp",,,,,,,,,,,,,,,
Bethesda Game Studios,"US video game company (Elder Scrolls, Fallout 3)","200,000",2011,gaming,hacked,PC World,http://www.pcworld.com/article/231215/lulzsec_a_short_history_of_hacking.html,,,,,,,,,,,,,,,
Sega,NA,"1,290,755",2011,gaming,hacked,ZDNet, http://www.zdnet.com/blog/gamification/sega-1-3-million-customer-records-hacked-lulzsec-promises-retribution/481,,,,,,,,,,,,,,,
Citigroup,NA,"360,083",2011,financial,hacked,PC World,http://www.pcworld.com/article/229891/Citigroup_Hack_Nets_Over_200k_in_Stolen_Customer_Details.html,,,,,,,,,,,,,,,
Sony Pictures,NA,"1,000,000",2011,"000 music codes and 3.5 million coupons were also uncovered.""",web,,Mashable,http://mashable.com/2011/06/02/sony-pictures-hacked/,,,,,,,,,,,,,,
Accendo Insurance Co.,NA,"175,350",2011,healthcare,poor security,Data Breaches,http://www.databreaches.net/?p=19198,,,,,,,,,,,,,,,
Washington Post,NA,"1,270,000",2011,media,hacked,PC Mag,"http://www.pcmag.com/article2/0,2817,2388200,00.asp",,,,,,,,,,,,,,,
Health Net - IBM,Data lost from HN servers managed by IBM,"1,900,000",2011,healthcare,lost device,IEEE Spectrum,https://spectrum.ieee.org/riskfactor/computing/it/health-net-data-breaches-affects-19-million-people,,,,,,,,,,,,,,,
Eisenhower Medical Center,California hospital,"514,330",2011,healthcare,lost device,Data Breach Info,http://databreachinvestigation.blogspot.com/2011/04/thief-gets-away-with-eisenhower-medical.html,,,,,,,,,,,,,,,
Spartanburg Regional Healthcare System,NA,"400,000",2011,healthcare,lost device,GoUpstate,http://www.goupstate.com/news/20110527/spartanburg-regional-patients-affected-by-computer-breach,,,,,,,,,,,,,,,
NHS,"UK's national health service, govt funded","8,600,000",2011,healthcare,lost device,Alphr,https://www.alphr.com/news/security/368062/nhs-loses-laptop-holding-8m-patient-records,,,,,,,,,,,,,,,
San Francisco Public Utilities Commission,NA,"180,000",2011,government,hacked,CNET,http://news.cnet.com/8301-27080_3-20068386-245/sf-utilities-agency-warns-of-potential-breach/,,,,,,,,,,,,,,,
Sony Online Entertainment,NA,"24,600,000",2011,gaming,hacked,Computer Weekly,http://www.computerworld.com/s/article/9216343/Sony_cuts_off_Sony_Online_Entertainment_service_after_hack,,,,,,,,,,,,,,,
Honda Canada,NA,"283,000",2011,retail,hacked,Guelph Mercury,http://www.guelphmercury.com/news-story/2200845-honda-canada-hit-by-online-security-breach-283-000-car-owners-personal-data-stolen/,,,,,,,,,,,,,,,
Massachusetts Government,Massachusetts Executive Office of Labor and Workforce,"210,000",2011,government,hacked,NBC News,http://www.nbcnews.com/id/43086769/ns/technology_and_science-security/t/huge-data-breach-puts-risk/#.XAfhPhP7TUI,,,,,,,,,,,,,,,
Oregon Department of Motor Vehicles,NA,"1,000,000",2011,government,hacked,Data Breaches,https://www.databreaches.net/or-deputies-man-used-dmv-database-in-id-theft/,,,,,,,,,,,,,,,
Steam,gaming portal,"35,000,000",2011,web,hacked,SC Mag,http://www.bbc.co.uk/news/technology-15690187,,,,,,,,,,,,,,,
Restaurant Depot,"food, equipment, and supplies for restaurants","200,000",2011,retail,hacked,NBC News,http://www.nbcnews.com/id/45737191/ns/technology_and_science-security/t/restaurant-depot-hack-exposes-customers-credit-card-info/#.XAgzFhP7TUI,,,,,,,,,,,,,,,
Nexon Korea Corp,game developer,"13,200,000",2011,web,hacked,Reuters,http://www.reuters.com/article/2011/11/26/us-korea-hacking-nexon-idUSTRE7AP09H20111126,,,,,,,,,,,,,,,
Nemours Foundation,US children's hospitals,"1,055,489",2011,healthcare,lost device,Law360,https://www.law360.com/articles/277961/nemours-says-data-breach-affected-1-6m-patients,,,,,,,,,,,,,,,
Sutter Medical Foundation,NA,"4,243,434",2011,healthcare,lost device,Trend Micro,https://blog.trendmicro.com/sutter-health-sued-for-1-billion-following-data-breach/,,,,,,,,,,,,,,,
Tricare,Healthcare service for US Military,"4,901,432",2011,"military, healthcare",lost device,Reuters,http://www.reuters.com/article/us-data-breach-texas-idUSTRE78S5JG20110929,,,,,,,,,,,,,,,
"AvMed, Inc.",NA,"1,220,000",2010,healthcare,lost device,Hack Notice,https://hacknotice.com/#/hack/5a6f5ed0ba0c8e312e70fd3d,,,,,,,,,,,,,,,
Blue Cross Blue Shield of Tennessee,US health insurance organization,"1,023,209",2010,healthcare,lost device,Data Breaches,https://www.databreaches.net/bcbs-of-tenn-breach-lessons-learned/,,,,,,,,,,,,,,,
US Military,Wikileaks / Bradley Manning/Cablegate.,"260,000",2010, in searchable format, to the public ... Everywhere there's a US post,"000 dispatches from US embassies around the world.""",military,internal,y,5,,,Guardian,http://www.guardian.co.uk/news/datablog/2010/nov/29/wikileaks-cables-data,,,,,,,,
Gawker.com,US news and gossip blog network including Gawker.com Gizmodo.com Lifehacker.com,"1,500,000",2010,web,hacked,Guardian,http://www.guardian.co.uk/technology/2010/dec/13/gawker-hackers-passwords-twitter-wikileaks?INTCMP=SRCH,http://www.mediaite.com/online/gawker-medias-entire-commenter-database-appears-to-have-been-hacked/,,,,,,,,,,,,,,
"Triple-S Salud, Inc.",Puerto-Rican health insurance company,"398,000",2010,healthcare,lost device,Data Breaches,https://www.databreaches.net/puerto-rico-dept-of-health-reports-breach-affecting-400000-triple-s-salud-fined-100k/,,,,,,,,,,,,,,,
Ohio State University,NA,"760,000",2010,academic,hacked,The Lantern,https://www.thelantern.com/2010/12/hacked-data-breach-costly-for-ohio-state-victims-of-compromised-info/,,,,,,,,,,,,,,,
"Emergency Healthcare Physicians, Ltd.",A Chicago emergency physician group,"180,111",2010,healthcare,lost device,Healthcare Info Security,http://www.healthcareinfosecurity.com/chicago-breach-affects-180000-a-2496,,,,,,,,,,,,,,,
Colorado government,Department of Health Care Policy & Financing,"105,470",2010,healthcare,lost device,Data Breaches,http://www.databreaches.net/?p=12611,,,,,,,,,,,,,,,
AT&T,US Telecoms company,"114,000",2010,telecoms,hacked,Guardian,http://www.guardian.co.uk/technology/2010/jun/10/apple-ipad-security-leak?INTCMP=SRCH,,,,,,,,,,,,,,,
Lincoln Medical & Mental Health Center,NA,"130,495",2010,healthcare,lost device,Alert Boot,http://www.alertboot.com/blog/blogs/endpoint_security/archive/2010/06/30/disk-encryption-ny-lincoln-medical-notifies-130-945-of-data-breach.aspx,,,,,,,,,,,,,,,
Educational Credit Management Corp,US student loan guarantor,"3,300,000",2010,financial,lost device,Wall Street Journal,https://www.wsj.com/articles/SB10001424052702304434404575150024174102954,,,,,,,,,,,,,,,
Embassy Cables,"Confidential communications between 274 embassies in countries throughout the world and the State Department in Washington DC, between 1966-2010.","251,000",2010, in searchable format, to the public ... Everywhere there's a US post,"000 dispatches from US embassies around the world.""",government,internal,,5,,,"Guardian, Wikileaks",http://wikileaks.org/cablegate.html,https://www.theguardian.com/news/blog/2010/nov/29/wikileaks-us-embassy-cables-live-updates,,,,,,,
US Federal Reserve Bank of Cleveland,NA,"400,000",2010,"000 stolen credit and debit card account numbers allegedly obtained by hacking into various computer systems of other financial institutions""""",financial,,Bank Info Security,https://www.bankinfosecurity.com/cleveland-federal-reserve-hacked-a-3115,,,,,,,,,,,,,,
Classified Iraq War documents,NA,"392,000",2010,government,internal,Forbes,http://www.forbes.com/sites/andygreenberg/2010/10/22/wikileaks-reveals-the-biggest-classified-data-breach-in-history/,,,,,,,,,,,,,,,
Puerto Rico Department of Health,NA,"515,000",2010,healthcare,hacked,Gartner,https://blogs.gartner.com/jack-santos/2010/12/27/year-end-2010-healthcare-breach-synopsis/,,,,,,,,,,,,,,,
Heartland,Independent payment processor,"130,000,000",2009,financial,hacked,Dark Reading,https://www.darkreading.com/attacks-and-breaches/heartland-payment-systems-hit-by-data-security-breach/d/d-id/1075770,,,,,,,,,,,,,,,
US National Guard,NA,"131,000",2009,military,lost device,CNN,http://edition.cnn.com/2009/US/12/17/theft.security.breach/index.html,,,,,,,,,,,,,,,
RockYou!,Developer of online games (Zoo World/Zoo World 2) and advertising products,"32,000,000",2009,"web, gaming",hacked,Tech Crunch,http://techcrunch.com/2009/12/14/rockyou-hack-security-myspace-facebook-passwords/,,,,,,,,,,,,,,,
CheckFree Corporation,"Provider of online banking, online bill payment and electronic bill payment services for the financial services industry","5,000,000",2009,financial,hacked,Computer World,http://www.computerworld.com/s/article/9125078/CheckFree_warns_5_million_customers_after_hack,,,,,,,,,,,,,,,
Network Solutions,Domain name registration business,"573,000",2009,web,hacked,Washington Post,http://voices.washingtonpost.com/securityfix/2009/07/network_solutions_hack_comprom.html,,,,,,,,,,,,,,,
Virginia Prescription Monitoring Program,NA,"531,400",2009,healthcare,hacked,Digital Health,https://www.digitalhealth.net/2009/05/virginia-department-of-health-hacked/,,,,,,,,,,,,,,,
Virginia Dept. Of Health,NA,"8,257,378",2009,"government, healthcare",hacked,Washington Post,http://voices.washingtonpost.com/securityfix/2009/05/hackers_break_into_virginia_he.html,,,,,,,,,,,,,,,
University of California Berkeley,"details on students, alumni and others","160,000",2009,academic,hacked,Cnet,https://www.cnet.com/news/uc-berkeley-computers-hacked-160000-at-risk/,,,,,,,,,,,,,,,
Health Net,Largest US publicly traded managed health care company,"1,500,000",2009,healthcare,lost device,Computer World,https://www.computerworld.com/article/2521838/security0/health-net-says-1-5m-medical-records-lost-in-data-breach.html,,,,,,,,,,,,,,,
US Military,NA,"76,000,000",2009,military,lost device,Wired,http://www.wired.com/threatlevel/2009/10/probe-targets-archives-handling-of-data-on-70-million-vets/,,,,,,,,,,,,,,,
Compass Bank,NA,"1,000,000",2008,financial,internal,Computer Weekly,http://www.computerworld.com/s/article/9072198/Programmer_who_stole_drive_containing_1_million_bank_records_gets_42_months,,,,,,,,,,,,,,,
Hannaford Brothers Supermarket Chain,"Delhaize Group: Hannaford Bros, Sweetbay, Food Lion, Bloom, Bottom Dollar, Harveys, Kash n' Karry","4,200,000",2008,retail,hacked,NetworkWorld,https://www.networkworld.com/article/2284998/lan-wan/details-emerging-on-hannaford-data-breach.html,,,,,,,,,,,,,,,
University of Miami,NA,"2,100,000",2008,academic,lost device,Identity Theft,http://www.identitytheft.info/breaches.aspx,,,,,,,,,,,,,,,
BNY Mellon Shareowner Services,Wealth management,"12,500,000",2008,financial,lost device,Reuters,https://www.reuters.com/article/us-mellon-breach-idUSN2143343820080521,,,,,,,,,,,,,,,
Countrywide Financial Corp,Employee convicted of downloading millions of borrower files and selling the information to other loan officers.,"2,500,000",2008,financial,internal,LATimes,https://notices.californiatimes.com/gdpr/latimes.com/,,,,,,,,,,,,,,,
UK Home Office,NA,"84,000",2008,government,lost device,Wikipedia,http://en.wikipedia.org/wiki/List_of_UK_government_data_losses,,,,,,,,,,,,,,,
Countrywide Financial Corp,Mortgage financer,"2,600,000",2008,financial,internal,NetworkWorld,https://www.networkworld.com/article/2274502/lan-wan/security-oversight-may-have-enabled-countrywide-breach.html,,,,,,,,,,,,,,,
RBS Worldpay,the U.S. payment processing arm of The Royal Bank of Scotland Group,"1,500,000",2008,financial,hacked,The Register,http://www.theregister.co.uk/2008/12/29/rbs_worldpay_breach/,,,,,,,,,,,,,,,
Auction.co.kr,South Korea's largest online shopping site,"18,000,000",2008,web,hacked,Dark Reading,https://www.darkreading.com/attacks-breaches/hacker-steals-data-on-18m-auction-customers-in-south-korea/d/d-id/1129325,,,,,,,,,,,,,,,
GS Caltex,Private oil company,"11,100,000",2008,energy,internal,The Dong-a Ilbo,http://english.donga.com/srv/service.php3?biid=2008090631088,,,,,,,,,,,,,,,
AT&T,NA,"113,000",2008,telecoms,lost device,NetworkWorld,https://www.networkworld.com/article/2344552/security/latest--lost--laptop-holds-treasure-trove-of-unencrypted-at-t-payroll-data.html,,,,,,,,,,,,,,,
Stanford University,NA,"72,000",2008,academic,lost device,SFGate,http://www.sfgate.com/bayarea/article/Stanford-employees-data-on-stolen-laptop-3281185.php,,,,,,,,,,,,,,,
University of Utah Hospitals & Clinics,stolen data tapes,"2,200,000",2008,academic,lost device,Salt Lake Tribune,http://archive.sltrib.com/story.php?ref=/ci_9540210,,,,,,,,,,,,,,,
Chile Ministry Of Education,NA,"6,000,000",2008,government,hacked,BBC News,http://news.bbc.co.uk/2/hi/americas/7395295.stm,http://www.geek.com/articles/news/government-servers-in-chile-hacked-6-million-personal-records-made-public-20080514/,,,,,,,,,,,,,,
Jefferson County,"West Virginia, US","1,600,000",2008,government,error,NBC29,http://www.nbc29.com/Global/story.asp?S=9313271&nav=menu496_2_5,,,,,,,,,,,,,,,
Texas Lottery,NA,"89,000",2008,government,internal,Houston Chronicle,https://www.chron.com/news/houston-texas/article/89-000-lottery-winners-affected-by-security-breach-1603025.php,,,,,,,,,,,,,,,
Starbucks,NA,"97,000",2008,retail,lost device,Info Watch,https://infowatch.com/analytics/leaks_monitoring/1304,,,,,,,,,,,,,,,
UK Ministry of Defence,NA,"1,700,000",2008,government,lost device,BBC News,http://news.bbc.co.uk/1/hi/uk_politics/7667507.stm,,,,,,,,,,,,,,,
"T-Mobile, Deutsche Telecom",NA,"17,000,000",2008,telecoms,lost device,FT,https://www.ft.com/content/1f33fd7a-9304-11dd-98b5-0000779fd18c,,,,,,,,,,,,,,,
Norwegian Tax Authorities,NA,"3,950,000",2008,government,error,NA,NA,NA,Info Watch,http://infowatch.com/node/1289,,,,,,,,,,,,
Service Personnel and Veterans Agency (UK),NA,"50,500",2008,government,lost device,BBC News,http://news.bbc.co.uk/1/hi/england/gloucestershire/7639006.stm,,,,,,,,,,,,,,,
Monster.com,Jobs website,"1,600,000",2007,web,hacked,BBC News,http://news.bbc.co.uk/1/hi/6956349.stm,,,,,,,,,,,,,,,
Driving Standards Agency,NA,"3,000,000",2007,government,lost device,BBC News,http://news.bbc.co.uk/1/hi/uk_politics/7147715.stm,,,,,,,,,,,,,,,
Fidelity National Information Services,NA,"8,500,000",2007,financial,internal,PCWorld,http://www.pcworld.com/article/135117/article.html,,,,,,,,,,,,,,,
City and Hackney Teaching Primary Care Trust,NA,"160,000",2007,government,lost device,Computer Weekly,https://www.computerweekly.com/blog/Computer-Weekly-Editors-Blog/Losing-trust-in-the-Trusts-and-the-dangers-of-being-driven-to-abstraction,,,,,,,,,,,,,,,
Gap Inc,NA,"800,000",2007,retail,lost device,PC World,http://www.pcworld.com/article/137865/article.html,,,,,,,,,,,,,,,
Dai Nippon Printing,Japanese printing company,"8,637,405",2007,retail,internal,Compare Business Products,https://www.comparebusinessproducts.com/fyi/15-most-massive-data-breaches-history,,,,,,,,,,,,,,,
TK / TJ Maxx,Largest retail breach to date,"94,000,000",2007,retail,hacked,ZD Net,http://www.zdnet.com/wi-fi-hack-caused-tk-maxx-security-breach-3039286991/,,,,,,,,,,,,,,,
JP Morgan Chase,NA,"2,600,000",2007,financial,lost device,PC World,http://www.pcworld.com/article/131453/article.html,,,,,,,,,,,,,,,
UK Revenue & Customs,HMRC,"25,000,000",2007,government,lost device,BBC News,http://news.bbc.co.uk/2/hi/uk_news/7103911.stm,,,,,,,,,,,,,,,
TD Ameritrade,US online broker,"6,300,000",2007,financial,hacked,"Wired, CBNC",http://www.wired.com/threatlevel/2008/07/ameritrade-hack/,https://www.cnbc.com/id/20775257,,,,,,,,,,,,,,
AOL,American Online,"20,000,000",2006,web,error,Tech Crunch,http://techcrunch.com/2006/08/06/aol-proudly-releases-massive-amounts-of-user-search-data/,,,,,,,,,,,,,,,
US Dept of Vet Affairs,NA,"26,500,000",2006,"government, military",lost device,"GCN, US Gov",http://gcn.com/Articles/2009/02/02/VA-data-breach-suit-settlement.aspx,https://www.va.gov/oig/pubs/VAOIG-06-02238-163.pdf,,,,,,,,,,,,,,
Automatic Data Processing,"Business outsourcing, payrolls, benefits","125,000",2006,financial,poor security,ABC News,http://abcnews.go.com/Technology/story?id=2160425&page=1#.UFcROxgUwaA,,,,,,,,,,,,,,,
KDDI,Japanese telecommunications operator,"4,000,000",2006,from KDDI Corp. The pair allegedly threatened to disclose the existence of storage media containing personal data belonging to four million KDDI customers prior to a shareholder meeting; however," KDDI alerted the police as soon as they were contacted by the blackmailers; the police monitored communications between KDDI and the pair for several weeks. """"",,,Computer World,http://www.computerworld.com/s/article/9001150/KDDI_suffers_massive_data_breach,,,,,,,,,,,,,
Hewlett Packard,NA,"200,000",2006,"tech, retail",lost device,Computer Weekly,https://www.computerweekly.com/news/2240076956/Personal-data-on-200000-HP-employees-stolen,,,,,,,,,,,,,,,
Ameritrade Inc.,online broker,"200,000",2005,financial,lost device,NBC,http://www.nbcnews.com/id/7561268/,,,,,,,,,,,,,,,
Citigroup,NA,"3,900,000",2005,financial,lost device,NY Times,http://www.nytimes.com/2005/06/07/business/07data.html?pagewanted=all&_moc.semityn.www,,,,,,,,,,,,,,,
Cardsystems Solutions Inc.,"Third-party payment processor for Visa, Mastercard, Amex,  and Discover","40,000,000",2005,financial,hacked,Wired,https://www.wired.com/2005/06/cardsystems-data-left-unsecured/,,,,,,,,,,,,,,,
AOL,American Online,"92,000,000",2004,web,internal,CNN,http://money.cnn.com/2004/06/23/technology/aol_spam/,,,,,,,,,,,,,,,
CheckPeople,2020,"56,000,000",2020,background check,NA,NA,NA,,,,,,,,,,,,,,,
Clearview AI,2020,"3,000,000,000",2020,technoloy,NA,NA,NA,,,,,,,,,,,,,,,
JailCore,2020,"36,000",2020,government,NA,NA,NA,,,,,,,,,,,,,,,
Koodo Mobile,2020,"520,000,000",2020,hotel,NA,NA,NA,,,,,,,,,,,,,,,
Marriott International,2020,"160,000",2020,gaming,NA,NA,NA,,,,,,,,,,,,,,,
Nintendo (Nintendo Account),2020,"377,428",2020,phone accessories,NA,NA,NA,,,,,,,,,,,,,,,
SlickWraps,2020,"120,000,000",2020,market analysis,NA,NA,NA,,,,,,,,,,,,,,,
Tetrad,2020,"900,000",2020,mobile carrier,NA,NA,NA,,,,,,,,,,,,,,,
Virgin Media,2020,"30,000,000",2020,retail,NA,NA,NA,,,,,,,,,,,,,,,
